rank,model,reliability_score,sharpe,accuracy,precision,max_drawdown,total_return
1,lgbm,0.5049930033793373,0.6755138194599258,0.5417894179144268,0.5417894179144268,-0.3610723336184641,0.4230573741750644
