rank,model,reliability_score,sharpe,accuracy,precision,max_drawdown,total_return
1,lgbm,0.44302378697229144,0.5234135500232096,0.5396992904379988,0.5396992904379988,-0.3619127825599178,0.2912100268100634
