rank,model,reliability_score,sharpe,accuracy,precision,max_drawdown,total_return
1,lgbm,0.5735482969869743,0.8336775347932198,0.5517068685664975,0.5523766966201886,-0.35910116824300636,0.5397829291495497
