rank,model,reliability_score,sharpe,accuracy,precision,max_drawdown,total_return
1,lgbm,0.5591446395322502,0.8007522941105989,0.5485572206623591,0.5447904618795982,-0.346815366866168,0.6013815739149612
2,lstm,0.5129864817100419,0.6974399912600588,0.5402354453502926,0.5402354453502926,-0.3610723746912791,0.44059733519911
3,patchtst,0.5129864817100419,0.6974399912600588,0.5402354453502926,0.5402354453502926,-0.3610723746912791,0.44059733519911
4,tft,0.5129864817100419,0.6974399912600588,0.5402354453502926,0.5402354453502926,-0.3610723746912791,0.44059733519911
5,tcn,0.19398300462929838,-0.08222187142936924,0.4594110483407192,0.4612244897959184,-0.031964592603533674,-0.010292004073480505
