rank,model,reliability_score,sharpe,accuracy,precision,max_drawdown,total_return
1,lgbm,0.6026072721411747,0.9046372177431314,0.5517511053559715,0.5495429435602682,-0.34681535274922975,0.6246044313670834
2,lstm,0.5769384805309868,0.8485874306820111,0.5472214886312329,0.5472214886312329,-0.36107236057434094,0.5336871032321554
3,patchtst,0.5769384805309868,0.8485874306820111,0.5472214886312329,0.5472214886312329,-0.36107236057434094,0.5336871032321554
4,tft,0.5769384805309868,0.8485874306820111,0.5472214886312329,0.5472214886312329,-0.36107236057434094,0.5336871032321554
5,tcn,0.4189981556387899,0.45858822473657196,0.5175877256502219,0.535174442364107,-0.2674834042372694,0.4311557685246022
