rank,model,reliability_score,sharpe,accuracy,precision,max_drawdown,total_return
1,lgbm,0.5735483555595474,0.8336776853118831,0.5517068685664975,0.5523766966201886,-0.35910118459192875,0.5397830327184884
