rank,model,reliability_score,sharpe,accuracy,precision,max_drawdown,total_return
1,lgbm,0.538935298757107,0.7184132891111448,0.5183973528149263,0.5605105202120196,-0.16051326774232708,0.4105741788088012
