rank,model,reliability_score,sharpe,accuracy,precision,max_drawdown,total_return
1,tcn,0.4898297420939338,0.6330730641413497,0.5312383872166481,0.5556480288238694,-0.339006054923744,0.343950238662286
2,lgbm,0.48606496835034585,0.629096455844455,0.5412353347135955,0.5412353347135955,-0.3619128134423387,0.34681990751641234
3,lstm,0.48606496835034585,0.629096455844455,0.5412353347135955,0.5412353347135955,-0.3619128134423387,0.34681990751641234
4,patchtst,0.48606496835034585,0.629096455844455,0.5412353347135955,0.5412353347135955,-0.3619128134423387,0.34681990751641234
5,tft,0.48606496835034585,0.629096455844455,0.5412353347135955,0.5412353347135955,-0.3619128134423387,0.34681990751641234
