rank,model,reliability_score,sharpe,accuracy,precision,max_drawdown,total_return
1,lgbm,0.6026073119320927,0.9046373149151011,0.5517511053559715,0.5495429435602682,-0.3468153435279281,0.6246044172576022
