rank,model,reliability_score,sharpe,accuracy,precision,max_drawdown,total_return
1,lgbm,0.4904992510101088,0.6380027907260614,0.5369224149344631,0.540910225819704,-0.33960634924595456,0.3613893165828091
2,lstm,0.4822897476602508,0.6190337260603777,0.5417350721567589,0.5417350721567589,-0.36191278842279695,0.32333892617020776
3,patchtst,0.4822897476602508,0.6190337260603777,0.5417350721567589,0.5417350721567589,-0.36191278842279695,0.32333892617020776
4,tft,0.4822897476602508,0.6190337260603777,0.5417350721567589,0.5417350721567589,-0.36191278842279695,0.32333892617020776
5,tcn,0.13747947835297233,0.0,0.45826492784324113,0.0,0.0,0.0
