rank,model,reliability_score,sharpe,accuracy,precision,max_drawdown,total_return
1,lgbm,0.6787872760299073,1.0599768223001254,0.5330860845566728,0.5896009017343288,-0.23049458604010503,0.6090913762858126
