rank,model,reliability_score,sharpe,accuracy,precision,max_drawdown,total_return
1,lgbm,0.5683366697253376,0.8241711405192617,0.5483201505633409,0.5442685121524345,-0.34681534081856286,0.5973232991744793
