rank,model,reliability_score,sharpe,accuracy,precision,max_drawdown,total_return
1,lgbm,0.5735483201617747,0.8336775951028607,0.5517068685664975,0.5523766966201886,-0.35910117773356615,0.5397829358867611
2,lstm,0.5709405159372535,0.8271125821077951,0.5524054365022293,0.5524054365022293,-0.3610723515697919,0.5342403342945944
3,patchtst,0.5709405159372535,0.8271125821077951,0.5524054365022293,0.5524054365022293,-0.3610723515697919,0.5342403342945944
4,tft,0.5709405159372535,0.8271125821077951,0.5524054365022293,0.5524054365022293,-0.3610723515697919,0.5342403342945944
5,tcn,0.16487873936080244,0.07679924510640915,0.44724442344174836,0.0,-0.00014285714285714298,0.0003531325158484374
