rank,model,reliability_score,sharpe,accuracy,precision,max_drawdown,total_return
1,lgbm,0.461914179921156,0.5717234218069074,0.5386640937506282,0.5386640937506282,-0.36107235676921023,0.31791253327315633
2,lstm,0.461914179921156,0.5717234218069074,0.5386640937506282,0.5386640937506282,-0.36107235676921023,0.31791253327315633
3,patchtst,0.461914179921156,0.5717234218069074,0.5386640937506282,0.5386640937506282,-0.36107235676921023,0.31791253327315633
4,tft,0.461914179921156,0.5717234218069074,0.5386640937506282,0.5386640937506282,-0.36107235676921023,0.31791253327315633
5,tcn,0.13840077187481156,0.0,0.4613359062493719,0.0,0.0,0.0
