rank,model,reliability_score,sharpe,accuracy,precision,max_drawdown,total_return
1,lgbm,0.5081117794941741,0.670250046901779,0.5427611545081424,0.5485441874918675,-0.3252542311735369,0.4076503175713819
