rank,model,reliability_score,sharpe,accuracy,precision,max_drawdown,total_return
1,tcn,0.5723480948652665,0.8369461382330584,0.5445465787764076,0.5482075962083998,-0.3543585330255902,0.5421054646778757
2,patchtst,0.5611284065878848,0.8058417872666902,0.5497978529763371,0.5497978529763371,-0.3610723480695985,0.516505813963297
3,lstm,0.5611284065878848,0.8058417872666902,0.5497978529763371,0.5497978529763371,-0.3610723480695985,0.516505813963297
4,tft,0.5611284065878848,0.8058417872666902,0.5497978529763371,0.5497978529763371,-0.3610723480695985,0.516505813963297
5,lgbm,0.48959298302673393,0.6406271983619989,0.5315853115364118,0.47769137448183113,-0.21671764675355348,0.4986045201985952
