rank,model,reliability_score,sharpe,accuracy,precision,max_drawdown,total_return
1,lgbm,0.4784052121960962,0.6107011106062418,0.5406320935917583,0.5406320935917583,-0.3619127884227969,0.3329431890644624
