rank,model,reliability_score,sharpe,accuracy,precision,max_drawdown,total_return
1,lgbm,0.5712783327880101,0.8288086563736117,0.551706012478341,0.5517514966314045,-0.3610723283121774,0.5348115049030965
2,lstm,0.5707347978443242,0.8274725610909288,0.551706012478341,0.551706012478341,-0.3610723283121774,0.5342238091761796
3,patchtst,0.5707347978443242,0.8274725610909288,0.551706012478341,0.551706012478341,-0.3610723283121774,0.5342238091761796
4,tft,0.5707347978443242,0.8274725610909288,0.551706012478341,0.551706012478341,-0.3610723283121774,0.5342238091761796
5,tcn,0.09350637687902082,-0.1009393139164385,0.44759370740961424,0.0,-0.003960097772880549,-0.0034773745637655435
