rank,model,reliability_score,sharpe,accuracy,precision,max_drawdown,total_return
1,lgbm,0.4673369912401069,0.5864720956383189,0.5377107729713574,0.5377107729713574,-0.36107233500899316,0.32740046218479735
