rank,model,reliability_score,sharpe,accuracy,precision,max_drawdown,total_return
1,lgbm,0.5548299668574806,0.8023703501844329,0.5399781276227777,0.5399781276227777,-0.36107237027681466,0.5198536472778796
