rank,model,reliability_score,sharpe,accuracy,precision,max_drawdown,total_return
1,lgbm,0.5746280780777338,0.8364870056727423,0.5470496086259633,0.5434616602520007,-0.3277393882955234,0.5357935337336922
2,lstm,0.5713358323098835,0.8317244055397707,0.5495066110829657,0.5495066110829657,-0.36107235447507696,0.5504340060571266
3,patchtst,0.5713358323098835,0.8317244055397707,0.5495066110829657,0.5495066110829657,-0.36107235447507696,0.5504340060571266
4,tcn,0.5713358323098835,0.8317244055397707,0.5495066110829657,0.5495066110829657,-0.36107235447507696,0.5504340060571266
5,tft,0.5713358323098835,0.8317244055397707,0.5495066110829657,0.5495066110829657,-0.36107235447507696,0.5504340060571266
