rank,model,reliability_score,sharpe,accuracy,precision,max_drawdown,total_return
1,lgbm,0.5880554958630043,0.8529968788016286,0.5302832435185376,0.5550175308344435,-0.23231734880097085,0.5897205990464255
2,lstm,0.5714407471992282,0.8314845902985171,0.5499082925553515,0.5499082925553515,-0.36107235197854426,0.5582815040718664
3,patchtst,0.5714407471992282,0.8314845902985171,0.5499082925553515,0.5499082925553515,-0.36107235197854426,0.5582815040718664
4,tft,0.5714407471992282,0.8314845902985171,0.5499082925553515,0.5499082925553515,-0.36107235197854426,0.5582815040718664
5,tcn,0.12677396758037499,-0.019311760766521142,0.4490387063916476,0.0,-0.002129400305108341,-0.0004766665346698229
