rank,model,reliability_score,sharpe,accuracy,precision,max_drawdown,total_return
1,tcn,0.5378556809446127,0.7401878134716735,0.49481736087556627,0.5585885993038391,-0.18382372567494373,0.39198719206215527
2,lgbm,0.5082184435984849,0.6908386644427933,0.5359804280441813,0.5359804280441813,-0.3610723620072312,0.44850207009978577
3,lstm,0.5082184435984849,0.6908386644427933,0.5359804280441813,0.5359804280441813,-0.3610723620072312,0.44850207009978577
4,patchtst,0.5082184435984849,0.6908386644427933,0.5359804280441813,0.5359804280441813,-0.3610723620072312,0.44850207009978577
5,tft,0.5082184435984849,0.6908386644427933,0.5359804280441813,0.5359804280441813,-0.3610723620072312,0.44850207009978577
