rank,model,reliability_score,sharpe,accuracy,precision,max_drawdown,total_return
1,lgbm,0.5095890453543009,0.6696992309763735,0.5339145582676608,0.548614370082057,-0.281878885329582,0.452303628082057
2,lstm,0.49950016628816296,0.662352303541423,0.5415010439544411,0.5415010439544411,-0.3619127710562675,0.3857520481666521
