rank,model,reliability_score,sharpe,accuracy,precision,max_drawdown,total_return
1,lgbm,0.49160040562866403,0.6459006931220556,0.5313250607368254,0.4775718765761278,-0.21671765156431322,0.502851921558124
