rank,model,reliability_score,sharpe,accuracy,precision,max_drawdown,total_return
1,lgbm,0.4879890361423841,0.638309963191311,0.5375445736874485,0.5375445736874485,-0.3610723597786457,0.4013393156637037
